id1,relation,id2
aaroh101,Brother,aarot101
adamb103,Father,adamm102
adamd102,Brother,adamb103
adamd102,Uncle,adamm102
adduj001,Father,adduj002
alexj001,Brother,alexs001
alicl001,Cousin,falui001
alled101,Brother,aller101
alleh104,Brother,alled101
alleh104,Brother,aller101
allia101,Brother,allid101
allia102,Brother,allib102
almal101,Brother,almam101
alomr001,Brother,aloms001
aloms101,Father,alomr001
aloms101,Father,aloms001
alony001,Brother-in-Law,machm001
alouf101,Brother,aloum101
alouf101,Brother,alouj101
alouf101,Father,aloum001
alouf101,Uncle,rojam001
alouf101,Cousin,sosaj101
alouf101,Father,rojam801
alouj101,Brother,aloum101
alouj101,Uncle,aloum001
alouj101,Uncle,rojam001
alouj101,Cousin,sosaj101
aloum001,Cousin,rojam001
aloum101,Uncle,rojam001
aloum101,Cousin,sosaj101
aloum101,Uncle,aloum001
alstd101,Cousin,alstg001
amarr101,Father,amarr002
andek001,Brother,andem101
andrm101,Brother,andrr101
araga101,Father,aragj101
arcio001,Brother,arcio002
arenn001,Cousin,fuenj001
armam001,Uncle,armat002
armat001,Brother,armam001
armat001,Father,armat002
ashba002,Uncle,ashba003
asprk101,Brother,asprb101
avere101,Father,avere102
avilr101,Uncle,avilm001
aybae001,Uncle,franw002
aybaw001,Brother,aybae001
aybaw001,Uncle,franw002
bacsm101,Father,bacsm001
baezj101,Cousin,motam101
baezj101,Cousin,motaa001
baezj101,Cousin,motaj001
bagbj101,Father,bagbj102
bailj101,Brother,baile101
baked101,Brother,baked001
bandc001,Brother,bands101
bankd101,Brother,banks101
banke101,Uncle,johnb101
bankf101,Brother,bankd101
bankf101,Brother,banks101
bannf001,Father,bannb001
bannj101,Brother,bannt101
barbb102,Brother,barbl101
bardl001,Brother,bardd001
barfj001,Father,barfj003
barkr101,Grandfather,barkb002
barmb101,Uncle,barmc001
barnc102,Father,barnv102
barnj102,Brother,barnv101
barnr104,Cousin,barns101
barod101,Grandfather,barod001
barrm001,Brother,barrt002
basal001,Cousin,basao001
battm101,Uncle,heepd001
baxej101,Brother,baxem101
beamc102,Father,beamc101
beasl101,Uncle,beast801
becab101,Brother,becaw901
beckj104,Brother,becks101
bedrs001,Father,bedrc001
beenf101,Uncle,beena001
bellb001,Father,belld002
bellb001,Father,bellm003
bellc001,Father,bellc002
bellc101,Brother,bellf101
belld002,Brother,bellm003
bellg001,Brother,bellj003
bellg103,Father,bellb001
bellg103,Grandfather,belld002
bellg103,Grandfather,bellm003
bellj103,Brother,bellf103
bellr001,Cousin,bellr002
benea001,Brother,benea002
bennd102,Brother,bennd101
bennd102,Father,benne001
bergm102,Brother,bergb102
berrc102,Father,berrc103
berrj101,Father,berrj103
berry101,Father,berrd001
bichd001,Father,bichb001
bigbc101,Brother,bigbl101
biggc001,Father,biggc002
bilks101,Cousin,cihoa101
billj101,Cousin,mathc102
billj101,Cousin,mathh101
blaig101,Brother,blail101
blanc105,Brother,blanh102
blanh101,Brother,blant101
bluej101,Great Grandson,wilkb001
blueo102,Brother,blueo101
bochb002,Father,bochb003
bollf101,Brother,bollm101
bondb101,Father,bondb001
bonie001,Brother,bonij002
bookg001,Related To,bookb101
bookr001,Related To,robij103
boonb001,Father,boonb002
boonb001,Father,boona001
boonb002,Brother,boona001
boond102,Brother,booni101
boonr101,Father,boonb001
boonr101,Grandfather,boonb002
boonr101,Grandfather,boona001
borbp101,Father,borbp001
bosmd101,Cousin,kuipd001
bostl102,Father,bostl101
boudl101,Father-in-Law,mclad101
bourc101,Father,bourp001
bowal001,Uncle,johnn001
boyec101,Brother,boyek101
boyec102,Brother,boyek101
boyec102,Brother,boyec101
boyle101,Brother,boylj102
boylj103,Brother,boylb101
bradf101,Uncle,bradh101
bragj801,Brother,bragb101
branm001,Father,branm003
brask101,Brother,brasr101
breed101,Brother,breeh101
bretg001,Brother,bretk101
brewt001,Brother,brewm001
bricf101,Father,bricf102
brinc101,Brother,brine101
britj001,Brother,britj002
brooh001,Cousin,moord001
brooi101,Cousin,broot001
brouc101,Brother-in-Law,lowed101
browc102,Brother,browl103
browj109,Brother,browp101
browj109,Uncle,browd801
browl104,Brother,browd102
browo102,Brother,browo101
browp101,Father,browd801
brubb101,Grandfather,rasmd001
bruce101,Father,bruce102
brumm101,Father,brumm001
buckg101,Great Grandson,pomed001
buckg101,Great Grandson,pomes001
bufod101,Father,bufod001
bullj001,Brother,bullk001
burdl101,Grandfather,fontn001
burdn001,Brother,burdz001
burke001,Cousin,browr001
burnj901,Brother,burnt101
burrj001,Father,burrs001
busbj101,Cousin,busbs101
busbj102,Brother,busbm101
butes001,Father,buted001
butlr001,Brother,butlr002
cabee001,Cousin,landk001
cabee001,Cousin,david101
cabra001,Father,cabrr001
cabro001,Brother,cabrj002
camem001,Father,camed001
camid102,Father,camid101
camnh102,Brother,camnh101
campa101,Father,campj105
campb101,Cousin,cardj101
camph101,Brother,campm101
campl101,Brother,campk101
campv001,Cousin,acunr001
canoj001,Father,canor001
cansj001,Brother,canso001
cantm101,Brother,cantt101
capem001,Father,capec001
cares101,Uncle,mcavg101
carlc101,Brother,carlr101
carra101,Uncle,carrc105
carrc104,Father,carrm001
carrc105,Uncle,coloc001
cartr101,Uncle,santj001
cased103,Brother,cased102
ceccg001,Brother,ceccg002
cedea001,Brother,ceded001
ceder001,Uncle,solay001
chapc101,Brother,chape101
chapk002,Cousin,dendm001
charb101,Brother,charo101
chilm001,Brother,chilj001
chilr101,Cousin,kellg101
chilr101,Cousin,kellr102
chiod101,Brother,chiol101
chise101,Brother,chisj101
chith101,Father,chitd801
chril102,Brother,chrir101
cicoe101,Great Uncle,cicoa101
clapa101,Brother,clapj101
clard102,Brother,clarj102
clard102,Brother,clarw102
clard102,Cousin,hackm101
clard102,Cousin,hackw101
clarf101,Brother,clarj103
clarj002,Brother,clarp001
clarj102,Brother,clarw102
clarj102,Cousin,hackm101
clarj102,Cousin,hackw101
clarr101,Brother,clars102
clart001,Father,clarm003
clarw102,Cousin,hackm101
clarw102,Cousin,hackw101
clemr001,Father,clemk001
clemr101,Uncle,cleme001
clibs101,Brother,clibs001
coffs101,Brother,coffd101
cohea101,Brother,cohes101
colac101,Brother,colaj101
coled001,Father-in-Law,segoz001
coleg101,Cousin,littl101
colej101,Father,colej102
colej101,Grandfather,colec001
colej102,Father,colec001
colle101,Father,colle102
colls101,Grandfather,gallb101
coloj001,Uncle,coloa001
conco001,Cousin,lindj002
conit101,Brother,conib101
conne101,Father,conne102
conng101,Brother,connj108
connj104,Brother,connr102
contw002,Brother,contw001
conwd101,Brother,conwb101
conwj102,Brother,conwp101
conwo101,Great Uncle,bourp001
cools001,Brother,coolm001
coomj101,Uncle,coomb101
coonj102,Father,coonj103
coonj102,Father,coonj101
coonj103,Brother,coonj101
coopd101,Brother,coopa103
coopm101,Brother,coopw102
coopw102,Father-in-Law,blasd101
coraj001,Brother,coraa001
corcl101,Brother,corcm102
cornm101,Father,cornn001
corrr101,Father,corrj101
coscj101,Brother,coscp101
coveh101,Brother,coves101
covis101,Brother,covit101
crand101,Father,cranj801
crawb001,Brother-in-Law,coleg001
crawc002,Cousin,crawj002
craws901,Father,crawj901
creej101,Cousin,hught102
cresf001,Brother,cresc001
cromt001,Brother,cromd001
cronc001,Father,cronc002
cronc001,Father,cronk001
cronc002,Brother,cronk001
crosa101,Brother,crosf101
crosa101,Brother,crosl101
crosa101,Brother,crosj102
crose101,Father,crosb002
crosf101,Brother,crosl101
crosf101,Brother,crosj102
crosl101,Brother,crosj102
croub102,Father,croub103
crouj101,Uncle,scric101
cruzh101,Brother,cruzj001
cruzh101,Uncle,cruzj004
cruzj001,Father,cruzj004
cruzt101,Brother,cruzh101
cruzt101,Brother,cruzj001
cruzt101,Uncle,cruzj004
cubbm101,Cousin,hanec001
cubbm101,Cousin,hanel101
cucca101,Brother,cucct101
cucct101,Uncle,meles101
culbl101,Grandfather,culbc001
cunnj102,Brother,cunnm102
dacqj101,Cousin,marol101
dalld101,Uncle,gernd101
dalyj101,Brother,dalyt101
dankj001,Brother,dankj002
dannh101,Brother,danni101
daric101,Brother,darir101
darnc001,Brother,darnt001
darrm101,Father,darrm001
darwd001,Brother,darwj001
davaj101,Father,davaj001
davay101,Brother,davav101
davec101,Brother,daved101
davib101,Cousin,housa001
davij001,Cousin,daviw001
davim002,Brother,davim004
davir001,Father,davii001
dawsj101,Brother,dawsr101
deand102,Brother,deanp101
deann101,Father,deanb102
deasj101,Brother,deasp101
dejei001,Father,dejei002
delae101,Brother,delaf101
delae101,Brother,delaj103
delae101,Brother,delaj102
delae101,Brother,delat101
delaf101,Brother,delaj103
delaf101,Brother,delaj102
delaf101,Brother,delat101
delaj101,Step Father,bautd001
delaj102,Brother,delat101
delaj103,Brother,delaj102
delaj103,Brother,delat101
demes101,Grandfather,dietd001
demog101,Brother,demol101
dempr001,Uncle,zaung001
denno101,Uncle,bourc101
dents101,Grandfather,porcr001
deshd001,Father,deshd002
dever001,Cousin,devej001
diaza004,Brother,diaze006
dickg101,Brother,dickb101
dillj101,Brother,dillp102
dills101,Father,dillt001
dimad101,Brother,dimav101
dimad101,Brother,dimaj101
dimaj101,Brother,dimav101
dimul901,Father,dimum901
dimul901,Father,dimur901
dimum901,Brother,dimur901
dinek101,Cousin,hendk101
dixop101,Brother,dixor101
donaj103,Brother,donap101
donne101,Grandfather,cosaj001
donoj101,Brother,donot102
dorgj101,Brother,dorgm101
dosch101,Father,doscj101
downd101,Brother,downk001
doylb101,Brother,doyld102
doylb101,Brother,doylb801
doyld102,Brother,doylb801
drabd001,Father,drabk001
draks102,Brother,draks101
drewj001,Brother,drewt001
drewj001,Brother,drews001
drewt001,Brother,drews001
dried001,Uncle,perrg001
ducer101,Brother,ducye101
dugae101,Brother,dugab101
duncc002,Brother,duncs001
duncd101,Father,duncc002
duncd101,Father,duncs001
duncf102,Father,duncf103
durol101,Cousin,duroj001
dykhr001,Cousin,ponss001
ecksd001,Brother,ecksr801
edwad101,Brother,edwam102
edwad101,Brother,edwam101
edwam102,Brother,edwam101
edwat101,Father,edwaw101
ellsd101,Father,ellss001
ens-m101,Brother,ens-j101
eraue101,Brother,erauj101
eschj101,Father,eschl101
escoa003,Cousin,escoe002
escoa003,Cousin,campv001
escoa003,Cousin,acunr001
escoe002,Cousin,acunr001
escoj001,Father,escoe002
escoj001,Uncle,acunr001
escok001,Cousin,escoe002
escok001,Cousin,campv001
escok001,Cousin,acunr001
estab101,Grandfather,estab001
everj102,Brother,everj101
evert101,Uncle,everj102
evert101,Uncle,everj101
ewinj101,Brother,ewinb101
eyres001,Brother,eyrew001
faeda001,Cousin,faedl001
faheb101,Father,faheb001
falcp001,Cousin,pignj101
falkb101,Brother,falkc102
farmh001,Brother,farmm001
farrj001,Father,farrl001
farrt101,Father,dotsr001
fellb101,Cousin,mandh101
fernr101,Brother,fernj101
ferrc101,Brother,ferrj101
ferrr101,Brother,ferrw101
fialg101,Brother,fialt101
fielb001,Father,field001
fielc001,Father,fielp001
fielj102,Brother,fiels101
figub001,Father,figuc001
finnh101,Brother,finnl101
fishc103,Brother,fisht102
fishn101,Brother,fisht103
flets001,Cousin,barrm003
flets001,Father-in-Law,beckg001
flett101,Father,fletd001
florr001,Brother,florr002
flyne101,Brother,flyng101
folet101,Brother,folew101
fordg101,Brother,fordr101
fordt102,Grandfather,fordd002
foref101,Brother,foreb101
forsk001,Brother,forsb001
fostr105,Half Brother,fostw101
foutd101,Brother,foutf101
fowlj101,Brother,fowla101
franj001,Related To,pignj101
frant101,Father,frant001
frazj001,Brother,frazt001
freeg102,Brother,freeg101
friep102,Brother,frieb103
fullh101,Brother,fulls101
fulmc102,Brother,fulmw101
gabrl101,Father,gabrl102
gaglp101,Brother,gaglr101
gallm001,Uncle,barna001
gamem001,Brother,gameb001
ganzc101,Brother,ganzj101
ganzc101,Father,ganzb101
ganzj101,Uncle,ganzb101
garbm101,Brother,garbb102
garca005,Brother,garca004
garcd801,Grandfather,garcg002
garcl002,Father,garcl006
garcr901,Father-in-Law,carav901
garda104,Brother,gardd101
garra101,Brother,garrw101
garvn102,Uncle,bereb001
gasta101,Brother,gastm101
gay-h101,Brother,gay-w101
gehrc101,Cousin,smolj001
gehrc101,Related To,parsc001
geise101,Brother,geisb101
genth101,Brother,gentr101
giamj001,Brother,giamj002
gibbw101,Brother,gibbj103
gibsj101,Brother,gibsj102
gilbc101,Brother,gilbt101
gilbh101,Brother,gilbj102
gilbl101,Father,gilbc101
gilbl101,Father,gilbt101
gileb002,Brother,gilem001
glavt001,Brother,glavm001
gleah101,Brother,gleak101
gleaj102,Brother,gleab102
glenh103,Brother,glens101
goede001,Brother,goedt001
gonza003,Brother,gonze003
gonze101,Brother,gonzm101
goodd001,Uncle,shefg001
gordn001,Brother,gordd002
gordt001,Father,gordd002
gordt001,Father,gordn001
gormt101,Father,gormb901
gotaj101,Uncle,gotar001
graba101,Brother,grabr101
grahp101,Father,grahj101
granj101,Uncle,browd004
gravj101,Brother,gravs101
greef101,Father,greeg001
greem001,Uncle,terdj001
gregd101,Brother,gregv101
griet101,Father,grieb001
grifb101,Grandfather,willm003
grifc101,Uncle,robes102
grifk001,Father,grifk002
grigw101,Brother,griga102
grils101,Father,grilj001
grimr102,Father,grimr101
grimr103,Father,grimo101
grimr104,Brother,grimr103
grimr104,Uncle,grimo101
grisl101,Brother,grism101
grism101,Uncle,davij103
grohh101,Brother,grohl101
grosd101,Uncle,benzt001
guere801,Brother,guerm101
guere801,Father,guerm801
guerg001,Cousin,guerv002
guerv001,Father,guerv002
guerv001,Brother,guerw001
guerv001,Uncle,guerg001
guerw001,Uncle,guerv002
guerw001,Uncle,guerg001
gugla901,Step Father,tatat901
guilf101,Brother,guilj101
gumba101,Brother,gumbb101
gurrl001,Brother,gurry001
guthm001,Father,guthd001
guttd101,Cousin,muelr101
gwync001,Uncle,gwynt002
gwynt001,Brother,gwync001
gwynt001,Father,gwynt002
haase101,Cousin,roofp101
haase101,Cousin,roofg101
hackm101,Brother,hackw101
hackw102,Uncle,hackr101
hafeb101,Brother,hafet101
hafec101,Cousin,hafeb101
hafec101,Cousin,hafet101
hairj001,Brother,hairj101
hairj001,Father,hairj002
hairj001,Father,hairs001
hairj002,Brother,hairs001
hairj101,Uncle,hairj002
hairj101,Uncle,hairs001
hairs101,Father,hairj001
hairs101,Father,hairj101
hairs101,Grandfather,hairj002
hairs101,Grandfather,hairs001
hallb101,Uncle,hallb102
hallb901,Brother,hallt102
hamma001,Father-in-Law,gomey001
hamms101,Brother,hammc001
hamng102,Brother,hamng101
hancc101,Brother,hanca101
handg101,Brother,handl101
hanel101,Father,hanec001
hannj104,Father,hannl102
hargb101,Brother,hargp101
harrb117,Brother,harrn102
harrb117,Brother,harrv102
harrj103,Great Uncle,renih101
harrn102,Brother,harrv102
harrp001,Cousin,clybd001
harvb001,Father,harvh001
hatfg101,Brother,hatfj101
hathr101,Uncle,burbd001
hayec001,Father,hayek001
haywr102,Brother,haywr101
healf101,Uncle,healf102
hegaj101,Father,hegam101
heink101,Father,heint101
heint001,Brother,heins001
heisc102,Father,heisj101
helmt101,Uncle,helmw001
hempc101,Brother,hempf101
hendh103,Brother,hendl101
hendj102,Uncle,hendd001
hengm101,Brother,henge801
hernl003,Half Brother,herno001
herrm102,Grandfather,herre102
hevij102,Brother,hevij101
higha101,Brother,highc101
higha101,Brother,highh101
highc101,Brother,highh101
hillh104,Brother,hillb102
hinch101,Brother,hincb101
hineb801,Father,hineb802
hirsj901,Brother,hirsm901
hitcj101,Brother,hitcb101
hoffg001,Brother,hofft001
hofms101,Uncle,hofmb101
hogag101,Brother,hogaw101
holbr001,Brother,holba001
holmb001,Brother,holmb002
hoodw101,Father,hoodw102
houkr101,Great Grandson,gavis001
howab101,Father,howad001
howad102,Brother,howai101
hughe101,Brother,hught103
hughj105,Brother,hughm101
hulet001,Father,hulet002
hundr101,Father,hundt001
huntg101,Brother,huntb103
ignag101,Brother,ignam001
iorgd001,Brother,iorgg001
irvic101,Brother,irvim101
irwia101,Brother,irwij101
iztuc001,Half Brother,iztum001
jacqp101,Father,jacqt001
jarar801,Uncle,jarat801
javij101,Father,javis001
jeffg101,Brother,jeffh101
jeffw101,Brother,jeffg102
jetej101,Father,jetes001
jimee101,Brother,jimem101
jimee901,Brother,jimee902
jimej003,Brother,jimea001
johnb102,Brother,johnr102
johnc101,Brother,johne105
johnd001,Father,johns001
johne102,Father,johnd101
johnj107,Brother,johnd107
johnr002,Father,johnc003
johnr104,Father,johnr105
johnw901,Brother,johnt104
joned105,Brother,jonel001
joneg102,Brother,jones101
jonnb101,Brother,jonnc101
jorga101,Brother,jorgo101
josec001,Brother,josec002
josen101,Brother,josew101
jurae101,Brother,juraj101
kapph101,Brother,kappj101
keefj101,Cousin,keeft101
kella103,Brother,kellw101
kellc101,Brother,kellh103
kellc102,Brother,kellj104
kelld001,Brother-in-Law,walkn001
kellg101,Brother,kellr102
kellj901,Brother-in-Law,welkb901
kellj901,Brother-in-Law,welkt901
kellp102,Father,kellc001
kells102,Brother,kellg102
kendf101,Father,kendj001
kennb104,Father,kennt001
kennj106,Brother,kennj101
keouj101,Brother,keoum101
keouj101,Uncle,keoum001
keoum101,Father,keoum001
kessd101,Father,kessk001
kessd101,Grandfather,kessg001
kessk001,Uncle,kessg001
kiebc001,Brother,kiebs001
kiefs001,Brother,kiefm001
kiesb001,Uncle,kiesr001
killr101,Brother,killb101
kilrm102,Brother,kilrm101
klaub102,Brother,klaub101
klinj101,Brother,klinb102
knodm101,Brother,knodr101
knotg101,Brother,knotf101
kolbg101,Cousin,kolbd001
kopfw101,Brother,kopfl101
kraul101,Father,kraul102
krsnm101,Brother,krsnr101
kubej002,Brother-in-Law,tonkm001
kunkb101,Father,kunkj001
laboc101,Cousin,mangp101
laboc101,Cousin,manga101
lachm101,Brother,lachr101
lachm101,Brother,lachb801
lachr101,Brother,lachb801
lairg001,Brother,lairb001
lambj003,Brother,lambp001
landj101,Father,landb001
langb102,Uncle,kellg101
langb102,Uncle,kellr102
langc101,Brother-in-Law,walkt103
langc101,Uncle,walkn001
lanim101,Father,lanih101
lannj101,Brother,lannt101
lansc001,Brother,lansj101
larkb001,Brother,larks001
laroa001,Brother,laroa002
larod101,Father,laroa001
larod101,Father,laroa002
larya101,Brother,laryf101
lawtm001,Brother,lawtm002
law-v101,Father,law-v001
laxtb101,Father,laxtb001
lee-l101,Uncle,lee-d002
lee-t101,Father,lee-d102
leflr101,Cousin,stevt001
leibc001,Father,leibb001
leita001,Brother,leitm001
leita001,Uncle,leitm002
leitm001,Father,leitm002
lelij101,Brother,lelib101
lemad103,Father-in-Law,holmb001
lemad103,Father-in-Law,holmb002
leonb101,Brother,leonc101
leond103,Father-in-Law,klipj101
lercd101,Cousin,lercg101
lezcc101,Cousin,lezcs001
liebg101,Father,liebg102
lillg101,Brother,lillb102
lindf101,Father,lindc102
littb001,Brother,littg801
livej101,Father,liveb101
lobef101,Brother,lobeh101
lolim101,Cousin,lolir101
lombs001,Father,lombs002
lookb101,Brother,lookd101
loopb001,Cousin,loopa001
lopec001,Brother,lopet001
lowdg101,Brother,lowdl101
lowej002,Brother,lowen001
ludwe001,Brother,ludwr001
lugoj001,Brother,lugor002
lushe101,Brother,lushb101
lyonb101,Brother,lyonj101
machk101,Cousin,newhh101
machm101,Cousin,newhh101
mackc101,Father,macke101
macks001,Brother,mackq001
maddg002,Brother,maddm002
madje101,Uncle,ryanj001
magad001,Cousin,pinil001
maggh102,Father,maggh101
mahlg001,Brother,mahlt001
mahlm001,Brother,mahlr001
mainw101,Father,mainj101
maisc101,Cousin,maisf101
maisc101,Cousin,maisg101
maisf101,Brother,maisg101
malac101,Father,malaj101
maloj901,Father,malol101
mancg101,Brother,mancf101
manga101,Brother,mangp101
mansj101,Brother,mansm101
mansj101,Brother,manst101
mansm101,Brother,manst101
manuf101,Brother,manuh101
manuj101,Father-in-Law,whitr001
manzr001,Brother,manzj001
marco101,Father,marcz101
marij101,Cousin,acevj002
marij101,Father-in-Law,rijoj001
marir102,Brother,marim101
marrc001,Brother,marrc801
marrc001,Brother,marrd001
martb104,Father,martj001
martc001,Cousin,marte001
martc002,Father,martj008
martr002,Brother,martp001
mashc101,Father,mashd001
mashc101,Father,mashj801
mashd001,Brother,mashj801
maskh101,Brother,maskl101
mathc102,Brother,mathh101
mathn101,Father,matht002
maton001,Brother,matop002
mattc102,Brother,mattj101
mattg001,Father,mattg002
mattw101,Father,mattb101
maucg101,Uncle,smalr001
maybj101,Father,maybj001
may-c101,Brother,may-l101
may-c101,Great Uncle,may-j001
may-d101,Father,may-d001
mayee101,Brother,mayes101
may-l101,Grandfather,may-j001
may-p101,Father,may-m001
mazeb101,Uncle,roe-c001
mcanj101,Father,mcanj001
mccul001,Father,mccul002
mcdal101,Brother,mcdav101
mcdod001,Brother,mcdod002
mcfaa101,Brother,mcfad101
mcfac102,Brother,mcfam101
mcfah901,Brother,mcfaa101
mcfah901,Brother,mcfad101
mcgec101,Brother,mcged101
mcgrf001,Cousin,mcgrt002
mcgrf001,Cousin,johnc002
mcgrt002,Uncle,johnc002
mckad101,Father,mckac001
mcket101,Great Uncle,mckej803
mcknj101,Father,mcknj001
mclab103,Brother,mclaf101
mcnir901,Father,mcnie101
mcrah001,Father,mcrab001
megit001,Brother,megit002
meinf101,Father,meinb101
meltc101,Cousin,meltr101
mercj001,Uncle,valvj001
merul101,Grandfather,merum001
meusi101,Brother,meusb101
meyej101,Uncle,meyeb001
milah101,Brother,milac101
millb110,Brother,millr103
millj109,Brother,millr113
millw101,Father,milla101
milne001,Cousin,milnj101
minor001,Brother,minod001
mitca101,Brother,mitca102
mitcc001,Brother,mitcj001
mitcg101,Brother,mitcr103
mitck001,Cousin,mitck002
mitcr001,Cousin,willa004
moelc001,Cousin,cronc002
moffj101,Brother,moffs101
molib001,Brother,molij001
molib001,Brother,moliy001
molig101,Brother,molit101
molij001,Brother,moliy001
mondr002,Father,mondr003
moned101,Grandfather,kennb002
monte101,Father,monte901
montr101,Father,monta103
moorg103,Father,moorg104
morac001,Brother,morab001
morig101,Brother,morib101
morrj103,Brother,morrt101
morrj105,Brother,morrp101
mortg101,Father,mortm101
motaa001,Brother,motaj001
motam101,Father,motaa001
motam101,Father,motaj001
muelw102,Father,mueld101
murfr101,Uncle,davir001
murpp801,Father-in-Law,alvap001
murre001,Brother,murrr101
myerb103,Great Uncle,myrib101
myerl101,Brother,myerb101
narlb101,Father,narlr101
narrj001,Cousin,chacg001
narrj001,Brother,narrj801
narrs101,Uncle,narrj001
narrs101,Grandfather,narrs001
narrs101,Uncle,narrj801
navaj101,Father,navaj001
naylb001,Brother,naylj001
nen-d101,Father,nen-r001
nettg001,Brother,nettj101
nevip001,Father,nevit001
newkf101,Brother,newkj101
nichc001,Uncle,lankr001
nichc101,Father,nichc102
niekj001,Brother,niekp001
niekj001,Father,niekl001
niekp001,Uncle,niekl001
nievj001,Brother,nievj002
nievm001,Brother,nievw001
nix-l001,Brother,nix-j001
nixoo001,Brother,nixod001
nolaa002,Brother,nolaa001
nordw101,Uncle,millk005
normb102,Brother,normj101
nortr101,Father,norts101
nymac101,Brother,nyman101
obrie101,Brother,obrij101
obrie101,Great Uncle,obrir001
obrij101,Grandfather,obrir001
odonj101,Father,odonj001
ogdej101,Brother,ogdec101
ogrob101,Brother,ogroj101
okrif101,Father,okril101
olerj001,Cousin,sveud001
olivb101,Father,olivd001
olivc101,Uncle,rondg101
olivd101,Brother,olivc101
olivd101,Father,rondg101
olive101,Father,olivo001
oneij102,Brother,oneim101
oneij102,Brother,oneis101
oneij104,Brother,oneij102
oneij104,Brother,oneim101
oneij104,Brother,oneis101
oneim101,Brother,oneis101
onsle101,Brother,onslj101
orouj102,Uncle,orouq101
orouj103,Brother,orouj102
orouj103,Father,orouq101
oroup101,Father,orouj101
ortib101,Brother,ortir101
osbot101,Father,osbob101
otood101,Brother,otooj101
owend001,Brother,owens001
owinm001,Brother-in-Law,tuiam001
pacij001,Brother,pacij101
pacij001,Brother,pacit001
pacij101,Brother,pacit001
paepj801,Father,paepd101
pagnt001,Uncle,pagnm001
palaj001,Brother,palar002
palar001,Uncle,palaj001
palar001,Uncle,palar002
palmr001,Cousin,palmo001
palmu101,Brother-in-Law,morrt102
parkd102,Brother,parkj101
parrt101,Brother,parrj101
parts102,Father,parts101
pascc102,Brother,pascc101
pastc101,Father,pastt001
pattc001,Brother,patte001
patth103,Brother,pattp101
pedes001,Father,pedej001
peith101,Brother,peitj101
penag001,Father,penaj004
penar001,Uncle,penat002
penar001,Uncle,penaf001
penat001,Brother,penar001
penat001,Father,penat002
penat001,Father,penaf001
penat002,Brother,penaf001
pennh101,Father-in-Law,colle102
peplh101,Brother,peplp101
perec003,Brother,perec005
perem001,Brother,perep001
perem001,Brother,perec001
perep001,Brother,perec001
peret001,Father,peree001
perrg101,Brother,perrj102
perrh001,Brother,perrc001
perrr101,Cousin,perzs101
peteh101,Father,peter801
pettj102,Father,pettj001
petwh101,Brother,petwb101
pfefj101,Brother,pfeff102
philb101,Half Brother,wolfb102
philj003,Brother,philk001
pierd102,Brother,pierd101
pikej102,Brother,pikel101
pillb001,Brother,pillt001
pillh101,Father,pilld101
pipge101,Brother,pipgg101
plesd001,Uncle,plesz001
pomed001,Brother,pomes001
popew101,Brother,poped101
posal101,Uncle,posaj001
pottd102,Brother,potts101
poweb101,Step Brother,taylc102
quanp001,Father,quanc001
queem101,Father,queem102
quint001,Brother,quinr002
radbc101,Cousin,radbg101
radca101,Brother,radct101
radch101,Cousin,radca101
radch101,Cousin,radct101
raint001,Father,raint002
rajsd101,Brother,rajsg001
ramoh001,Brother,ramoh002
rasmc001,Brother,rasmc002
rathf101,Father,rathf001
rathm101,Uncle,balem101
reaca101,Brother,reacb101
reccj101,Brother,reccp101
redmt001,Brother,redmp001
reusp101,Brother,reusr001
reynd101,Brother,reynh001
reynt101,Cousin,robif102
rickd102,Brother,rickd101
ridde101,Brother,riddj101
rilee001,Uncle,harrw001
ripkc001,Brother,ripkb001
ripkc801,Father,ripkc001
ripkc801,Father,ripkb001
riplw101,Father,ripla101
rivem002,Cousin,river002
roacm102,Brother,roacj101
robec002,Brother,robed002
robib102,Brother,robid102
robib103,Brother-in-Law,stras101
robif101,Brother,robiw101
robin102,Brother,robif104
robst101,Uncle,mousm001
rodnf001,Cousin,figaa001
rodra001,Uncle,dunaj001
rodri001,Father,rodrd001
roeng001,Brother,roenr001
roeng001,Father,roenj001
roenj001,Brother-in-Law,desmi001
roenr001,Uncle,roenj001
roeto101,Brother,roetw101
rogem901,Brother,rogef101
roget001,Brother,roget002
romaj001,Cousin,cruzn001
romia001,Brother,romia002
romik001,Father,romia001
romik001,Father,romia002
romoe101,Brother,romov101
roofg101,Brother,roofp101
rookg101,Grandfather,possl101
roseh101,Brother,rosel102
rosep001,Father,rosep002
rosst001,Brother,rossj002
rothf101,Brother,rothb102
rowaa001,Cousin,shiej002
rowed102,Brother,rowej101
roysj001,Cousin,vaugg001
ruckn101,Uncle,ruckj101
ruffb001,Father,ruffc001
runge901,Father,rungp901
runge901,Grandfather,rungb901
rungp001,Half Brother,ausaj001
rungp901,Father,rungb901
russa101,Brother,russl101
russj001,Father,russj003
ryalm001,Father,ryalr001
sadob102,Brother,sadot101
sadob102,Uncle,sadoj101
sadoe101,Brother,sadob102
sadoe101,Brother,sadot101
sadoe101,Uncle,sadoj101
sadot101,Uncle,sadoj101
salkb101,Grandfather,salkr001
sandr001,Uncle,sandj001
sardd001,Brother,sardb001
sauee101,Brother,saueh101
savir101,Father,savid101
sax-d001,Brother,sax-s001
say-j101,Brother,say-l101
sborj001,Brother,sborj002
scalg101,Father,scalj103
scanf101,Brother,scand101
schaa103,Brother,schag102
schab101,Brother,schaw101
schmb102,Brother,schmw102
schod001,Uncle,wertj001
schod101,Father,schod001
schod101,Grandfather,wertj001
schuh104,Brother,schul101
schuj101,Father,schuj103
seagk001,Brother,seagc001
searz901,Father,seark101
segrj101,Brother,segrs101
segud101,Father,segud001
sellj001,Father,sellj002
sewej101,Brother,sewet101
sewel101,Brother,sewej101
sewel101,Brother,sewet101
shafo101,Brother,shaft101
shanb102,Brother,shanb101
shanj102,Brother,shanr101
shawj001,Father,shawt001
sheea001,Cousin,sheeb001
sheee101,Father,sheeb101
sheel001,Father,sheeg001
shefj001,Brother,shefj002
shelf101,Uncle,shelj101
shelj001,Uncle,harrj002
sherl101,Brother,shern102
sherm101,Brother,sherv101
shumt001,Uncle,bettm001
siebd102,Father,siebp101
silvl101,Father-in-Law,berra001
sisld102,Brother,sisld101
sislg101,Father,sisld101
sislg101,Father,sisld102
skinb101,Father,skinj001
smalr101,Father,smalr001
smitd003,Father,smitd007
smitg101,Brother,smitq101
smith106,Uncle,flant001
snydb001,Father,snydb003
snydb001,Cousin,younm005
snydb003,Cousin,younm005
sodes001,Father,sodet001
solad001,Brother,solaj002
sosaj101,Cousin,aloum001
sosaj101,Related To,rojam001
soutb102,Cousin,soutb101
sowdj101,Brother,sowdb101
sowdj101,Brother,sowdl101
sowdl101,Brother,sowdb101
sparj801,Father,sparg801
speac101,Brother,speac102
speac101,Brother,speah101
speac101,Brother,speac103
speac101,Father,speaf101
speac102,Brother,speah101
speac102,Brother,speac103
speac102,Uncle,speaf101
speac103,Uncle,speaf101
speah101,Brother,speac103
speah101,Uncle,speaf101
speat101,Uncle,jeant101
speaw101,Brother,speac101
speaw101,Brother,speac102
speaw101,Brother,speah101
speaw101,Brother,speac103
speaw101,Uncle,speaf101
speic001,Father,speij001
spenb101,Grandfather,spenj101
spieb001,Uncle,spiec001
spiee101,Father,spies001
spilh001,Cousin,walkg001
sprae101,Father,sprae001
stafg101,Brother,stafj101
stanb102,Half Brother,stanj103
stanp001,Brother,stans001
stasm001,Brother,stasb001
stcle101,Father,stclr001
stend101,Father,stenm001
stepf101,Brother,stepj105
stepj101,Father,stepj103
stilr101,Father,stilk001
stong102,Cousin,upshc101
stotm101,Father,stotm001
stotm101,Father,stott001
stott001,Brother,stotm001
stovg101,Brother,stovj101
sukec101,Uncle,osgoc101
sullb102,Father,sullb103
sullh101,Father,sullm001
sulsb001,Brother,sulsc001
surhb001,Uncle,morac001
surhb001,Uncle,morab001
surhr001,Brother,surhb001
surhr001,Uncle,morac001
surhr001,Uncle,morab001
suscg102,Father,suscg101
suthd102,Brother,suthg101
swiss101,Father,swisn001
sykem101,Brother,syked101
tannc101,Father,tannb001
tannj101,Brother,tannl101
taplj101,Brother,taplt101
tarat001,Cousin,rollj001
tartj101,Father,tartd001
tatif001,Father,tatif002
taylb106,Uncle,taylh102
taylb108,Brother,taylc104
taylb108,Brother,taylj104
taylb108,Brother,taylj105
taylc104,Brother,taylj104
taylc104,Brother,taylj105
taylj104,Brother,taylj105
tebeg101,Brother,tebep101
tehej001,Cousin,maris001
thieh101,Brother,thiej102
thobj001,Brother,thobt001
thomd105,Brother,thomw103
thomr101,Brother,thomb101
thomt104,Brother,thomh101
throm101,Brother,throf101
tianl102,Father,tianl101
tobij103,Brother,tobit101
tollw001,Father,tolls001
torrf102,Brother,torrj101
torrp101,Father,torrs002
torrr102,Father,torrg101
trafj101,Brother,trafb101
treaf101,Brother,treap101
tresm101,Father,trest101
treva001,Brother,trevb101
trosh101,Father,trosh102
troud101,Father,trous001
tuckk001,Brother,tuckp001
turab001,Father,turab002
twomb101,Brother,twomg101
tylef101,Brother,tylel101
tyroj101,Brother,tyrow101
undep101,Brother,undet001
unsea101,Father,unsed101
uptob001,Brother,uptoj001
uptot101,Brother,uptob101
urial001,Brother,uriar001
uribj001,Uncle,uribj002
valac001,Brother,valap001
valej003,Brother,valej004
valej003,Father,valej006
valej004,Uncle,valej006
vancc101,Brother,vancj101
vansa001,Father,vanss001
varlg001,Brother,varll001
varsg001,Father,varsd001
vaugg001,Cousin,vaugm001
vaugh101,Uncle,vaugr101
venam001,Father,venaw001
victs001,Cousin,texek001
virgo101,Father,virgo001
wadeb101,Brother,wadej101
wagnb103,Brother,wagnh101
wakeh101,Father,waked101
walkd101,Brother,walkh102
walkd102,Father,walkd101
walkd102,Father,walkh102
walke101,Brother,walkd102
walke101,Uncle,walkd101
walke101,Uncle,walkh102
walkf101,Brother,walkw101
walkg101,Brother,walkh101
walkj102,Cousin,walkj101
walkt103,Father,walkn001
walkt103,Father-in-Law,kelld001
walkv801,Brother,walkr101
wallt001,Father,wallc001
walse101,Father,walse102
wanel101,Brother,wanep101
wardg001,Father,wardd002
wathj001,Father,wathd001
watkg102,Brother,watkm101
watta101,Brother,wattf101
weafh901,Brother,weafk101
weatd001,Father,weatr001
weavj002,Brother,weavj003
webbh101,Father,webbr001
weekr001,Brother,weekj001
welkt901,Brother,welkb901
wellw101,Father,wellw102
wendh901,Father,wendh902
wertd101,Step Father,wertj001
westj101,Brother,westw102
weyhg101,Brother,weyhj101
wheam101,Brother,wheaz101
wheer001,Brother,wheej001
whita102,Brother,whitf102
whitd102,Brother,whitw103
white101,Uncle,whitj103
white104,Cousin,whitd102
white104,Cousin,whitw103
whitj104,Father,whitm103
willd104,Father,willr801
willg103,Brother,willh103
willm102,Father,willb101
willw103,Great Uncle,willm007
willw103,Grandfather,willm007
wilse104,Brother,wilsd103
wilsm001,Uncle & Stepfather,wilsp002
wilth102,Brother,wilts101
wineb101,Father,winer001
winga101,Brother,wingi101
wiseh101,Father,wisec101
wittb001,Father,wittb002
wittb001,Father-in-Law,russj003
wittb001,Father-in-Law,nealz001
wittb001,Father-in-Law,thomc003
wittb002,Brother-in-Law,russj003
wittb002,Brother-in-Law,nealz001
wittb002,Brother-in-Law,thomc003
wolfj901,Brother,wolfr001
wongk001,Brother,wongk002
woodf101,Brother,woodp101
woodj108,Father,woodj104
worrt001,Brother,worrt002
wrigc102,Father,wrigj002
wrigg101,Brother,wrigh101
wrigg101,Brother,wrigs101
wrigs101,Brother,wrigh101
yastc101,Grandfather,yastm001
yatet001,Brother,yatek001
yingj101,Brother,yingc101
yochl101,Brother,yochr101
yound001,Brother,yound003
yound104,Father,yound105
youne001,Father,youne003
younl101,Brother,younr001
younm101,Brother,yount101
zaucn101,Grandfather,smitc007
zimmd101,Father,zimmt801
zimmj001,Brother,zimmj002
zimmk001,Brother,zimmb001
